{
  "schema": "netnet.policy.v1",
  "autonomyLevel": "PROPOSE_ONLY",
  "limits": {
    "maxUsdPerDay": 50,
    "maxUsdPerTrade": 25
  },
  "allowlists": {
    "tokens": [
      "USDC",
      "ETH"
    ],
    "venues": [
      "SIMULATED"
    ],
    "actions": [
      "trade.quote",
      "trade.plan",
      "trade.execute_dry_run",
      "carbon.info",
      "carbon.projects",
      "carbon.quote",
      "carbon.status",
      "carbon.estimate"
    ]
  },
  "notes": "Safe-by-default. Increase autonomy only with explicit operator intent."
}
